xo,f(xo)
3.500000,4.334902
3.500000,-0.435119