threshold,pt
0.000000,416101
3.571429,2450
7.142857,678
10.714286,250
14.285714,91
17.857143,45
21.428571,11
25.000000,3